-- phpMyAdmin SQL Dump
-- version 5.1.1
-- https://www.phpmyadmin.net/
--
-- Host: 127.0.0.1
-- Generation Time: Jul 25, 2021 at 05:58 PM
-- Server version: 10.4.19-MariaDB
-- PHP Version: 8.0.7

SET SQL_MODE = "NO_AUTO_VALUE_ON_ZERO";
START TRANSACTION;
SET time_zone = "+00:00";


/*!40101 SET @OLD_CHARACTER_SET_CLIENT=@@CHARACTER_SET_CLIENT */;
/*!40101 SET @OLD_CHARACTER_SET_RESULTS=@@CHARACTER_SET_RESULTS */;
/*!40101 SET @OLD_COLLATION_CONNECTION=@@COLLATION_CONNECTION */;
/*!40101 SET NAMES utf8mb4 */;

--
-- Database: `crm_sms_gateway_lalita`
--

-- --------------------------------------------------------

--
-- Table structure for table `autoreply`
--

CREATE TABLE `autoreply` (
  `id` int(11) NOT NULL,
  `code` varchar(100) DEFAULT NULL,
  `description` varchar(50) DEFAULT NULL,
  `status` tinyint(4) DEFAULT NULL
) ENGINE=InnoDB DEFAULT CHARSET=utf8mb4;

--
-- Dumping data for table `autoreply`
--

INSERT INTO `autoreply` (`id`, `code`, `description`, `status`) VALUES
(2, 'C12', 'Checking for status some', 1);

-- --------------------------------------------------------

--
-- Table structure for table `contact`
--

CREATE TABLE `contact` (
  `id` int(11) NOT NULL,
  `participants_number` varchar(100) DEFAULT NULL,
  `name` varchar(100) DEFAULT NULL,
  `email` varchar(50) DEFAULT NULL,
  `phone_number` varchar(20) DEFAULT NULL,
  `major` varchar(255) DEFAULT NULL,
  `status` tinyint(4) DEFAULT NULL
) ENGINE=InnoDB DEFAULT CHARSET=utf8mb4;

--
-- Dumping data for table `contact`
--

INSERT INTO `contact` (`id`, `participants_number`, `name`, `email`, `phone_number`, `major`, `status`) VALUES
(746, '205157006011', 'ULTA ARIANTI', NULL, '081280335834', 'P. B. INGGRIS', 1),
(747, '205157024015', 'LOPA DINATA', NULL, '085213456089', 'P. B. INGGRIS', 1),
(748, '206149042010', 'MUHAMMAD AWWAL SYAHPUTRA DHANNY', NULL, '088269760134', 'P. B. INGGRIS', 1),
(749, '206149091014', 'SITI ANNISA PUTRI ANANDA', NULL, '089506766936', 'P. B. INGGRIS', 1),
(750, '205101028010', 'ANISSA TRI ASTUTI', NULL, '085900407117', 'P. B. INDONESIA', 1),
(751, '205101054020', 'MIFTACHUL JANNAH AZWAJAH', NULL, '082178143078', 'P. B. INDONESIA', 1),
(752, '205109011016', 'TIARA HERNANDA', NULL, '089624870477', 'P. B. INDONESIA', 1),
(753, '205149048005', 'SUCI APRILIA', NULL, '083163766873', 'P. B. INDONESIA', 1),
(754, '205149059009', 'HANIF NUR ALAILI', NULL, '085293012114', 'P. B. INDONESIA', 1),
(755, '205149111011', 'NADA SARI', NULL, '082372032112', 'P. B. INDONESIA', 1),
(756, '205157015009', 'DWI SEKA MARLENA', NULL, '082181763532', 'P. B. INDONESIA', 1),
(757, '205157021014', 'ATHIRAH SYAHDITA', NULL, '087897988727', 'P. B. INDONESIA', 1),
(758, '204101027010', 'MEISYA AMELIA', NULL, '082177509781', 'P. MATEMATIKA', 1),
(759, '204117040011', 'AZHAR RIFQI TAUFIQQURAHMAN', NULL, '0895621117571', 'P. MATEMATIKA', 1),
(760, '204117042006', 'CLAUDIA JOTI LESTRIANI', NULL, '083168956790', 'P. MATEMATIKA', 1),
(761, '204117050009', 'MUSDALIFA FEBRIANTI', NULL, '08877922616', 'P. MATEMATIKA', 1),
(762, '204133004007', 'ANNISA NURRIZKI', NULL, '082278191012', 'P. MATEMATIKA', 1),
(763, '204133016010', 'TIARA IDRYANI PUTRI', NULL, '081274509090', 'P. MATEMATIKA', 1),
(764, '204133039003', 'M. ABDILLAH ASSYAUQI', NULL, '082241479367', 'P. MATEMATIKA', 1),
(765, '204141032011', 'PUTRI DEHAYATI', NULL, '083168789276', 'P. MATEMATIKA', 1),
(766, '204149067010', 'RINA AGIL MULYANI', NULL, '082181049472', 'P. MATEMATIKA', 1),
(767, '204149069005', 'DWI LUSPITA SARI', NULL, '082178127370', 'P. MATEMATIKA', 1),
(768, '204149072004', 'I GEDE GELGEL ARTADANA', NULL, '081271809574', 'P. MATEMATIKA', 1),
(769, '204149089002', 'YANI PERTIWI', NULL, '081272566568', 'P. MATEMATIKA', 1),
(770, '204149118012', 'NADYA MARSHA AMANDA', NULL, '082289227437', 'P. MATEMATIKA', 1),
(771, '204157006001', 'KHOLIZAH', NULL, '087868421725', 'P. MATEMATIKA', 1),
(772, '204157011002', 'ZEBY MELANI AFRIYANTI', NULL, '083175851294', 'P. MATEMATIKA', 1),
(773, '204157018003', 'EPRILIA NURGITA', NULL, '081274170577', 'P. MATEMATIKA', 1),
(774, '206149031006', 'SARAH SALSABILAH', NULL, '085966339105', 'P. MATEMATIKA', 1),
(775, '204109016006', 'HERFANI', NULL, '089635696629', 'P. FISIKA', 1),
(776, '204141047007', 'TRI LUTHFI OKTA FIANAUMI', NULL, '085346317846', 'P. FISIKA', 1),
(777, '205101018018', 'M. HERDIANSYAH', NULL, '089530876987', 'P. SEJARAH', 1),
(778, '205109018021', 'BABY DITYA SILVI', NULL, '083177560324', 'P. SEJARAH', 1),
(779, '205117012014', 'ESSA PAWESTRI RAHMAYANI', NULL, '085357521253', 'P. SEJARAH', 1),
(780, '205149002014', 'M.FARID IQBAL HIBATULLAH', NULL, '082373863730', 'P. SEJARAH', 1),
(781, '205149055003', 'DILLA UTAMI NERISTASARI', NULL, '089502100344', 'P. SEJARAH', 1),
(782, '205101014019', 'MUHAMMAD ASYROF', NULL, '082373677035', 'P. B. INGGRIS', 1),
(783, '205109012009', 'PUTRI HARTINI', NULL, '081993824352', 'P. B. INGGRIS', 1),
(784, '205117045002', 'ERA SASMIRA', NULL, '083867795436', 'P. B. INGGRIS', 1),
(785, '205133006008', 'ANGGUN AFIFAH', NULL, '085369423142', 'P. B. INGGRIS', 1),
(786, '205133012004', 'JESSICA PUTRI WIDARI', NULL, '081274686510', 'P. B. INGGRIS', 1),
(787, '205133014009', 'MASFUFATUN NIKMAH', NULL, '085231502443', 'P. B. INGGRIS', 1),
(788, '205133049012', 'SULISTIKA NINGSIH', NULL, '081273261274', 'P. B. INGGRIS', 1),
(789, '205149007014', 'NAJLA KHAIRA UMMAH', NULL, '089501701419', 'P. B. INGGRIS', 1),
(790, '205149111004', 'MUHAMMAD RIDHO AL HAFIZH', NULL, '082235539004', 'P. B. INGGRIS', 1),
(791, '205157004013', 'DAMI LESTARI', NULL, '083173585475', 'P. B. INGGRIS', 1),
(792, '205157006011', 'ULTA ARIANTI', NULL, '081280335834', 'P. B. INGGRIS', 1),
(793, '205157024015', 'LOPA DINATA', NULL, '085213456089', 'P. B. INGGRIS', 1),
(794, '206149042010', 'MUHAMMAD AWWAL SYAHPUTRA DHANNY', NULL, '088269760134', 'P. B. INGGRIS', 1),
(795, '206149091014', 'SITI ANNISA PUTRI ANANDA', NULL, '089506766936', 'P. B. INGGRIS', 1),
(796, '205101028010', 'ANISSA TRI ASTUTI', NULL, '085900407117', 'P. B. INDONESIA', 1),
(797, '205101054020', 'MIFTACHUL JANNAH AZWAJAH', NULL, '082178143078', 'P. B. INDONESIA', 1),
(798, '205109011016', 'TIARA HERNANDA', NULL, '089624870477', 'P. B. INDONESIA', 1),
(799, '205149048005', 'SUCI APRILIA', NULL, '083163766873', 'P. B. INDONESIA', 1),
(800, '205149059009', 'HANIF NUR ALAILI', NULL, '085293012114', 'P. B. INDONESIA', 1),
(801, '205149111011', 'NADA SARI', NULL, '082372032112', 'P. B. INDONESIA', 1),
(802, '205157015009', 'DWI SEKA MARLENA', NULL, '082181763532', 'P. B. INDONESIA', 1),
(803, '205157021014', 'ATHIRAH SYAHDITA', NULL, '087897988727', 'P. B. INDONESIA', 1),
(804, '204101027010', 'MEISYA AMELIA', NULL, '082177509781', 'P. MATEMATIKA', 1),
(805, '204117040011', 'AZHAR RIFQI TAUFIQQURAHMAN', NULL, '0895621117571', 'P. MATEMATIKA', 1),
(806, '204117042006', 'CLAUDIA JOTI LESTRIANI', NULL, '083168956790', 'P. MATEMATIKA', 1),
(807, '204117050009', 'MUSDALIFA FEBRIANTI', NULL, '08877922616', 'P. MATEMATIKA', 1),
(808, '204133004007', 'ANNISA NURRIZKI', NULL, '082278191012', 'P. MATEMATIKA', 1),
(809, '204133016010', 'TIARA IDRYANI PUTRI', NULL, '081274509090', 'P. MATEMATIKA', 1),
(810, '204133039003', 'M. ABDILLAH ASSYAUQI', NULL, '082241479367', 'P. MATEMATIKA', 1),
(811, '204141032011', 'PUTRI DEHAYATI', NULL, '083168789276', 'P. MATEMATIKA', 1),
(812, '204149067010', 'RINA AGIL MULYANI', NULL, '082181049472', 'P. MATEMATIKA', 1),
(813, '204149069005', 'DWI LUSPITA SARI', NULL, '082178127370', 'P. MATEMATIKA', 1),
(814, '204149072004', 'I GEDE GELGEL ARTADANA', NULL, '081271809574', 'P. MATEMATIKA', 1),
(815, '204149089002', 'YANI PERTIWI', NULL, '081272566568', 'P. MATEMATIKA', 1),
(816, '204149118012', 'NADYA MARSHA AMANDA', NULL, '082289227437', 'P. MATEMATIKA', 1),
(817, '204157006001', 'KHOLIZAH', NULL, '087868421725', 'P. MATEMATIKA', 1),
(818, '204157011002', 'ZEBY MELANI AFRIYANTI', NULL, '083175851294', 'P. MATEMATIKA', 1),
(819, '204157018003', 'EPRILIA NURGITA', NULL, '081274170577', 'P. MATEMATIKA', 1),
(820, '206149031006', 'SARAH SALSABILAH', NULL, '085966339105', 'P. MATEMATIKA', 1),
(821, '204109016006', 'HERFANI', NULL, '089635696629', 'P. FISIKA', 1),
(822, '204141047007', 'TRI LUTHFI OKTA FIANAUMI', NULL, '085346317846', 'P. FISIKA', 1),
(823, '205101018018', 'M. HERDIANSYAH', NULL, '089530876987', 'P. SEJARAH', 1),
(824, '205109018021', 'BABY DITYA SILVI', NULL, '083177560324', 'P. SEJARAH', 1),
(825, '205117012014', 'ESSA PAWESTRI RAHMAYANI', NULL, '085357521253', 'P. SEJARAH', 1),
(826, '205149002014', 'M.FARID IQBAL HIBATULLAH', NULL, '082373863730', 'P. SEJARAH', 1),
(827, '205149055003', 'DILLA UTAMI NERISTASARI', NULL, '089502100344', 'P. SEJARAH', 1),
(828, '205101014019', 'MUHAMMAD ASYROF', NULL, '082373677035', 'P. B. INGGRIS', 1),
(829, '205109012009', 'PUTRI HARTINI', NULL, '081993824352', 'P. B. INGGRIS', 1),
(830, '205117045002', 'ERA SASMIRA', NULL, '083867795436', 'P. B. INGGRIS', 1),
(831, '205133006008', 'ANGGUN AFIFAH', NULL, '085369423142', 'P. B. INGGRIS', 1),
(832, '205133012004', 'JESSICA PUTRI WIDARI', NULL, '081274686510', 'P. B. INGGRIS', 1),
(833, '205133014009', 'MASFUFATUN NIKMAH', NULL, '085231502443', 'P. B. INGGRIS', 1),
(834, '205133049012', 'SULISTIKA NINGSIH', NULL, '081273261274', 'P. B. INGGRIS', 1),
(835, '205149007014', 'NAJLA KHAIRA UMMAH', NULL, '089501701419', 'P. B. INGGRIS', 1),
(836, '205149111004', 'MUHAMMAD RIDHO AL HAFIZH', NULL, '082235539004', 'P. B. INGGRIS', 1),
(837, '205157004013', 'DAMI LESTARI', NULL, '083173585475', 'P. B. INGGRIS', 1),
(838, '205157006011', 'ULTA ARIANTI', NULL, '081280335834', 'P. B. INGGRIS', 1),
(839, '205157024015', 'LOPA DINATA', NULL, '085213456089', 'P. B. INGGRIS', 1),
(840, '206149042010', 'MUHAMMAD AWWAL SYAHPUTRA DHANNY', NULL, '088269760134', 'P. B. INGGRIS', 1),
(841, '206149091014', 'SITI ANNISA PUTRI ANANDA', NULL, '089506766936', 'P. B. INGGRIS', 1),
(842, '205101028010', 'ANISSA TRI ASTUTI', NULL, '085900407117', 'P. B. INDONESIA', 1),
(843, '205101054020', 'MIFTACHUL JANNAH AZWAJAH', NULL, '082178143078', 'P. B. INDONESIA', 1),
(844, '205109011016', 'TIARA HERNANDA', NULL, '089624870477', 'P. B. INDONESIA', 1),
(845, '205149048005', 'SUCI APRILIA', NULL, '083163766873', 'P. B. INDONESIA', 1),
(846, '205149059009', 'HANIF NUR ALAILI', NULL, '085293012114', 'P. B. INDONESIA', 1),
(847, '205149111011', 'NADA SARI', NULL, '082372032112', 'P. B. INDONESIA', 1),
(848, '205157015009', 'DWI SEKA MARLENA', NULL, '082181763532', 'P. B. INDONESIA', 1),
(849, '205157021014', 'ATHIRAH SYAHDITA', NULL, '087897988727', 'P. B. INDONESIA', 1),
(850, '204101027010', 'MEISYA AMELIA', NULL, '082177509781', 'P. MATEMATIKA', 1),
(851, '204117040011', 'AZHAR RIFQI TAUFIQQURAHMAN', NULL, '0895621117571', 'P. MATEMATIKA', 1),
(852, '204117042006', 'CLAUDIA JOTI LESTRIANI', NULL, '083168956790', 'P. MATEMATIKA', 1),
(853, '204117050009', 'MUSDALIFA FEBRIANTI', NULL, '08877922616', 'P. MATEMATIKA', 1),
(854, '204133004007', 'ANNISA NURRIZKI', NULL, '082278191012', 'P. MATEMATIKA', 1),
(855, '204133016010', 'TIARA IDRYANI PUTRI', NULL, '081274509090', 'P. MATEMATIKA', 1),
(856, '204133039003', 'M. ABDILLAH ASSYAUQI', NULL, '082241479367', 'P. MATEMATIKA', 1),
(857, '204141032011', 'PUTRI DEHAYATI', NULL, '083168789276', 'P. MATEMATIKA', 1),
(858, '204149067010', 'RINA AGIL MULYANI', NULL, '082181049472', 'P. MATEMATIKA', 1),
(859, '204149069005', 'DWI LUSPITA SARI', NULL, '082178127370', 'P. MATEMATIKA', 1),
(860, '204149072004', 'I GEDE GELGEL ARTADANA', NULL, '081271809574', 'P. MATEMATIKA', 1),
(861, '204149089002', 'YANI PERTIWI', NULL, '081272566568', 'P. MATEMATIKA', 1),
(862, '204149118012', 'NADYA MARSHA AMANDA', NULL, '082289227437', 'P. MATEMATIKA', 1),
(863, '204157006001', 'KHOLIZAH', NULL, '087868421725', 'P. MATEMATIKA', 1),
(864, '204157011002', 'ZEBY MELANI AFRIYANTI', NULL, '083175851294', 'P. MATEMATIKA', 1),
(865, '204157018003', 'EPRILIA NURGITA', NULL, '081274170577', 'P. MATEMATIKA', 1),
(866, '206149031006', 'SARAH SALSABILAH', NULL, '085966339105', 'P. MATEMATIKA', 1),
(867, '204109016006', 'HERFANI', NULL, '089635696629', 'P. FISIKA', 1),
(868, '204141047007', 'TRI LUTHFI OKTA FIANAUMI', NULL, '085346317846', 'P. FISIKA', 1),
(869, '205101018018', 'M. HERDIANSYAH', NULL, '089530876987', 'P. SEJARAH', 1),
(870, '205109018021', 'BABY DITYA SILVI', NULL, '083177560324', 'P. SEJARAH', 1),
(871, '205117012014', 'ESSA PAWESTRI RAHMAYANI', NULL, '085357521253', 'P. SEJARAH', 1),
(872, '205149002014', 'M.FARID IQBAL HIBATULLAH', NULL, '082373863730', 'P. SEJARAH', 1),
(873, '205149055003', 'DILLA UTAMI NERISTASARI', NULL, '089502100344', 'P. SEJARAH', 1),
(874, '205101014019', 'MUHAMMAD ASYROF', NULL, '082373677035', 'P. B. INGGRIS', 1),
(875, '205109012009', 'PUTRI HARTINI', NULL, '081993824352', 'P. B. INGGRIS', 1),
(876, '205117045002', 'ERA SASMIRA', NULL, '083867795436', 'P. B. INGGRIS', 1),
(877, '205133006008', 'ANGGUN AFIFAH', NULL, '085369423142', 'P. B. INGGRIS', 1),
(878, '205133012004', 'JESSICA PUTRI WIDARI', NULL, '081274686510', 'P. B. INGGRIS', 1),
(879, '205133014009', 'MASFUFATUN NIKMAH', NULL, '085231502443', 'P. B. INGGRIS', 1),
(880, '205133049012', 'SULISTIKA NINGSIH', NULL, '081273261274', 'P. B. INGGRIS', 1),
(881, '205149007014', 'NAJLA KHAIRA UMMAH', NULL, '089501701419', 'P. B. INGGRIS', 1),
(882, '205149111004', 'MUHAMMAD RIDHO AL HAFIZH', NULL, '082235539004', 'P. B. INGGRIS', 1),
(883, '205157004013', 'DAMI LESTARI', NULL, '083173585475', 'P. B. INGGRIS', 1),
(884, '205157006011', 'ULTA ARIANTI', NULL, '081280335834', 'P. B. INGGRIS', 1),
(885, '205157024015', 'LOPA DINATA', NULL, '085213456089', 'P. B. INGGRIS', 1),
(886, '206149042010', 'MUHAMMAD AWWAL SYAHPUTRA DHANNY', NULL, '088269760134', 'P. B. INGGRIS', 1),
(887, '206149091014', 'SITI ANNISA PUTRI ANANDA', NULL, '089506766936', 'P. B. INGGRIS', 1),
(888, '205101028010', 'ANISSA TRI ASTUTI', NULL, '085900407117', 'P. B. INDONESIA', 1),
(889, '205101054020', 'MIFTACHUL JANNAH AZWAJAH', NULL, '082178143078', 'P. B. INDONESIA', 1),
(890, '205109011016', 'TIARA HERNANDA', NULL, '089624870477', 'P. B. INDONESIA', 1),
(891, '205149048005', 'SUCI APRILIA', NULL, '083163766873', 'P. B. INDONESIA', 1),
(892, '205149059009', 'HANIF NUR ALAILI', NULL, '085293012114', 'P. B. INDONESIA', 1),
(893, '205149111011', 'NADA SARI', NULL, '082372032112', 'P. B. INDONESIA', 1),
(894, '205157015009', 'DWI SEKA MARLENA', NULL, '082181763532', 'P. B. INDONESIA', 1),
(895, '205157021014', 'ATHIRAH SYAHDITA', NULL, '087897988727', 'P. B. INDONESIA', 1),
(896, '204101027010', 'MEISYA AMELIA', NULL, '082177509781', 'P. MATEMATIKA', 1),
(897, '204117040011', 'AZHAR RIFQI TAUFIQQURAHMAN', NULL, '0895621117571', 'P. MATEMATIKA', 1),
(898, '204117042006', 'CLAUDIA JOTI LESTRIANI', NULL, '083168956790', 'P. MATEMATIKA', 1),
(899, '204117050009', 'MUSDALIFA FEBRIANTI', NULL, '08877922616', 'P. MATEMATIKA', 1),
(900, '204133004007', 'ANNISA NURRIZKI', NULL, '082278191012', 'P. MATEMATIKA', 1),
(901, '204133016010', 'TIARA IDRYANI PUTRI', NULL, '081274509090', 'P. MATEMATIKA', 1),
(902, '204133039003', 'M. ABDILLAH ASSYAUQI', NULL, '082241479367', 'P. MATEMATIKA', 1),
(903, '204141032011', 'PUTRI DEHAYATI', NULL, '083168789276', 'P. MATEMATIKA', 1),
(904, '204149067010', 'RINA AGIL MULYANI', NULL, '082181049472', 'P. MATEMATIKA', 1),
(905, '204149069005', 'DWI LUSPITA SARI', NULL, '082178127370', 'P. MATEMATIKA', 1),
(906, '204149072004', 'I GEDE GELGEL ARTADANA', NULL, '081271809574', 'P. MATEMATIKA', 1),
(907, '204149089002', 'YANI PERTIWI', NULL, '081272566568', 'P. MATEMATIKA', 1),
(908, '204149118012', 'NADYA MARSHA AMANDA', NULL, '082289227437', 'P. MATEMATIKA', 1),
(909, '204157006001', 'KHOLIZAH', NULL, '087868421725', 'P. MATEMATIKA', 1),
(910, '204157011002', 'ZEBY MELANI AFRIYANTI', NULL, '083175851294', 'P. MATEMATIKA', 1),
(911, '204157018003', 'EPRILIA NURGITA', NULL, '081274170577', 'P. MATEMATIKA', 1),
(912, '206149031006', 'SARAH SALSABILAH', NULL, '085966339105', 'P. MATEMATIKA', 1),
(913, '204109016006', 'HERFANI', NULL, '089635696629', 'P. FISIKA', 1),
(914, '204141047007', 'TRI LUTHFI OKTA FIANAUMI', NULL, '085346317846', 'P. FISIKA', 1),
(915, '205101018018', 'M. HERDIANSYAH', NULL, '089530876987', 'P. SEJARAH', 1),
(916, '205109018021', 'BABY DITYA SILVI', NULL, '083177560324', 'P. SEJARAH', 1),
(917, '205117012014', 'ESSA PAWESTRI RAHMAYANI', NULL, '085357521253', 'P. SEJARAH', 1),
(918, '205149002014', 'M.FARID IQBAL HIBATULLAH', NULL, '082373863730', 'P. SEJARAH', 1),
(919, '205149055003', 'DILLA UTAMI NERISTASARI', NULL, '089502100344', 'P. SEJARAH', 1),
(920, '205101014019', 'MUHAMMAD ASYROF', NULL, '082373677035', 'P. B. INGGRIS', 1),
(921, '205109012009', 'PUTRI HARTINI', NULL, '081993824352', 'P. B. INGGRIS', 1),
(922, '205117045002', 'ERA SASMIRA', NULL, '083867795436', 'P. B. INGGRIS', 1),
(923, '205133006008', 'ANGGUN AFIFAH', NULL, '085369423142', 'P. B. INGGRIS', 1),
(924, '205133012004', 'JESSICA PUTRI WIDARI', NULL, '081274686510', 'P. B. INGGRIS', 1),
(925, '205133014009', 'MASFUFATUN NIKMAH', NULL, '085231502443', 'P. B. INGGRIS', 1),
(926, '205133049012', 'SULISTIKA NINGSIH', NULL, '081273261274', 'P. B. INGGRIS', 1),
(927, '205149007014', 'NAJLA KHAIRA UMMAH', NULL, '089501701419', 'P. B. INGGRIS', 1),
(928, '205149111004', 'MUHAMMAD RIDHO AL HAFIZH', NULL, '082235539004', 'P. B. INGGRIS', 1),
(929, '205157004013', 'DAMI LESTARI', NULL, '083173585475', 'P. B. INGGRIS', 1),
(930, '205157006011', 'ULTA ARIANTI', NULL, '081280335834', 'P. B. INGGRIS', 1),
(931, '205157024015', 'LOPA DINATA', NULL, '085213456089', 'P. B. INGGRIS', 1),
(932, '206149042010', 'MUHAMMAD AWWAL SYAHPUTRA DHANNY', NULL, '088269760134', 'P. B. INGGRIS', 1),
(933, '206149091014', 'SITI ANNISA PUTRI ANANDA', NULL, '089506766936', 'P. B. INGGRIS', 1),
(934, '205101028010', 'ANISSA TRI ASTUTI', NULL, '085900407117', 'P. B. INDONESIA', 1),
(935, '205101054020', 'MIFTACHUL JANNAH AZWAJAH', NULL, '082178143078', 'P. B. INDONESIA', 1),
(936, '205109011016', 'TIARA HERNANDA', NULL, '089624870477', 'P. B. INDONESIA', 1),
(937, '205149048005', 'SUCI APRILIA', NULL, '083163766873', 'P. B. INDONESIA', 1),
(938, '205149059009', 'HANIF NUR ALAILI', NULL, '085293012114', 'P. B. INDONESIA', 1),
(939, '205149111011', 'NADA SARI', NULL, '082372032112', 'P. B. INDONESIA', 1),
(940, '205157015009', 'DWI SEKA MARLENA', NULL, '082181763532', 'P. B. INDONESIA', 1),
(941, '205157021014', 'ATHIRAH SYAHDITA', NULL, '087897988727', 'P. B. INDONESIA', 1),
(942, '204101027010', 'MEISYA AMELIA', NULL, '082177509781', 'P. MATEMATIKA', 1),
(943, '204117040011', 'AZHAR RIFQI TAUFIQQURAHMAN', NULL, '0895621117571', 'P. MATEMATIKA', 1),
(944, '204117042006', 'CLAUDIA JOTI LESTRIANI', NULL, '083168956790', 'P. MATEMATIKA', 1),
(945, '204117050009', 'MUSDALIFA FEBRIANTI', NULL, '08877922616', 'P. MATEMATIKA', 1),
(946, '204133004007', 'ANNISA NURRIZKI', NULL, '082278191012', 'P. MATEMATIKA', 1),
(947, '204133016010', 'TIARA IDRYANI PUTRI', NULL, '081274509090', 'P. MATEMATIKA', 1),
(948, '204133039003', 'M. ABDILLAH ASSYAUQI', NULL, '082241479367', 'P. MATEMATIKA', 1),
(949, '204141032011', 'PUTRI DEHAYATI', NULL, '083168789276', 'P. MATEMATIKA', 1),
(950, '204149067010', 'RINA AGIL MULYANI', NULL, '082181049472', 'P. MATEMATIKA', 1),
(951, '204149069005', 'DWI LUSPITA SARI', NULL, '082178127370', 'P. MATEMATIKA', 1),
(952, '204149072004', 'I GEDE GELGEL ARTADANA', NULL, '081271809574', 'P. MATEMATIKA', 1),
(953, '204149089002', 'YANI PERTIWI', NULL, '081272566568', 'P. MATEMATIKA', 1),
(954, '204149118012', 'NADYA MARSHA AMANDA', NULL, '082289227437', 'P. MATEMATIKA', 1),
(955, '204157006001', 'KHOLIZAH', NULL, '087868421725', 'P. MATEMATIKA', 1),
(956, '204157011002', 'ZEBY MELANI AFRIYANTI', NULL, '083175851294', 'P. MATEMATIKA', 1),
(957, '204157018003', 'EPRILIA NURGITA', NULL, '081274170577', 'P. MATEMATIKA', 1),
(958, '206149031006', 'SARAH SALSABILAH', NULL, '085966339105', 'P. MATEMATIKA', 1),
(959, '204109016006', 'HERFANI', NULL, '089635696629', 'P. FISIKA', 1),
(960, '204141047007', 'TRI LUTHFI OKTA FIANAUMI', NULL, '085346317846', 'P. FISIKA', 1),
(961, '205101018018', 'M. HERDIANSYAH', NULL, '089530876987', 'P. SEJARAH', 1),
(962, '205109018021', 'BABY DITYA SILVI', NULL, '083177560324', 'P. SEJARAH', 1),
(963, '205117012014', 'ESSA PAWESTRI RAHMAYANI', NULL, '085357521253', 'P. SEJARAH', 1),
(964, '205149002014', 'M.FARID IQBAL HIBATULLAH', NULL, '082373863730', 'P. SEJARAH', 1),
(965, '205149055003', 'DILLA UTAMI NERISTASARI', NULL, '089502100344', 'P. SEJARAH', 1);

-- --------------------------------------------------------

--
-- Table structure for table `contact_group`
--

CREATE TABLE `contact_group` (
  `id` int(11) NOT NULL,
  `contact_id` int(11) DEFAULT NULL,
  `group_id` int(11) DEFAULT NULL,
  `status` tinyint(4) DEFAULT NULL
) ENGINE=InnoDB DEFAULT CHARSET=utf8mb4;

--
-- Dumping data for table `contact_group`
--

INSERT INTO `contact_group` (`id`, `contact_id`, `group_id`, `status`) VALUES
(185, 920, 2, 1),
(186, 921, 2, 1),
(187, 922, 2, 1),
(188, 923, 2, 1),
(189, 924, 2, 1),
(190, 925, 2, 1),
(191, 926, 2, 1),
(192, 927, 2, 1),
(193, 928, 2, 1),
(194, 929, 2, 1),
(195, 930, 2, 1),
(196, 931, 2, 1),
(197, 932, 2, 1),
(198, 933, 2, 1),
(199, 934, 2, 1),
(200, 935, 2, 1),
(201, 936, 2, 1),
(202, 937, 2, 1),
(203, 938, 2, 1),
(204, 939, 2, 1),
(205, 940, 2, 1),
(206, 941, 2, 1),
(207, 942, 2, 1),
(208, 943, 2, 1),
(209, 944, 2, 1),
(210, 945, 2, 1),
(211, 946, 2, 1),
(212, 947, 2, 1),
(213, 948, 2, 1),
(214, 949, 2, 1),
(215, 950, 2, 1),
(216, 951, 2, 1),
(217, 952, 2, 1),
(218, 953, 2, 1),
(219, 954, 2, 1),
(220, 955, 2, 1),
(221, 956, 2, 1),
(222, 957, 2, 1),
(223, 958, 2, 1),
(224, 959, 2, 1),
(225, 960, 2, 1),
(226, 961, 2, 1),
(227, 962, 2, 1),
(228, 963, 2, 1),
(229, 964, 2, 1),
(230, 965, 2, 1);

-- --------------------------------------------------------

--
-- Table structure for table `gammu`
--

CREATE TABLE `gammu` (
  `Version` int(11) NOT NULL DEFAULT 0
) ENGINE=InnoDB DEFAULT CHARSET=utf8mb4;

--
-- Dumping data for table `gammu`
--

INSERT INTO `gammu` (`Version`) VALUES
(17);

-- --------------------------------------------------------

--
-- Table structure for table `group`
--

CREATE TABLE `group` (
  `id` int(11) NOT NULL,
  `group_code` varchar(100) NOT NULL,
  `group_name` varchar(255) NOT NULL,
  `description` text DEFAULT NULL,
  `status` tinyint(4) DEFAULT NULL
) ENGINE=InnoDB DEFAULT CHARSET=utf8mb4;

--
-- Dumping data for table `group`
--

INSERT INTO `group` (`id`, `group_code`, `group_name`, `description`, `status`) VALUES
(2, 'G1', 'Group Family', 'G1s', 1);

-- --------------------------------------------------------

--
-- Table structure for table `inbox`
--

CREATE TABLE `inbox` (
  `UpdatedInDB` timestamp NOT NULL DEFAULT current_timestamp() ON UPDATE current_timestamp(),
  `ReceivingDateTime` timestamp NOT NULL DEFAULT current_timestamp(),
  `Text` text NOT NULL,
  `SenderNumber` varchar(20) NOT NULL DEFAULT '',
  `Coding` enum('Default_No_Compression','Unicode_No_Compression','8bit','Default_Compression','Unicode_Compression') NOT NULL DEFAULT 'Default_No_Compression',
  `UDH` text NOT NULL,
  `SMSCNumber` varchar(20) NOT NULL DEFAULT '',
  `Class` int(11) NOT NULL DEFAULT -1,
  `TextDecoded` text NOT NULL,
  `ID` int(10) UNSIGNED NOT NULL,
  `RecipientID` text NOT NULL,
  `Processed` enum('false','true') NOT NULL DEFAULT 'false',
  `Status` int(11) NOT NULL DEFAULT -1,
  `is_pushed_to_notification` int(11) NOT NULL DEFAULT 0
) ENGINE=InnoDB DEFAULT CHARSET=utf8mb4;

-- --------------------------------------------------------

--
-- Table structure for table `notification`
--

CREATE TABLE `notification` (
  `id` int(11) NOT NULL,
  `inbox_id` int(11) DEFAULT NULL,
  `sender` varchar(255) DEFAULT NULL,
  `is_read` tinyint(4) DEFAULT NULL,
  `created_at` timestamp NULL DEFAULT NULL
) ENGINE=InnoDB DEFAULT CHARSET=utf8mb4;

-- --------------------------------------------------------

--
-- Table structure for table `outbox`
--

CREATE TABLE `outbox` (
  `UpdatedInDB` timestamp NOT NULL DEFAULT current_timestamp() ON UPDATE current_timestamp(),
  `InsertIntoDB` timestamp NOT NULL DEFAULT current_timestamp(),
  `SendingDateTime` timestamp NOT NULL DEFAULT current_timestamp(),
  `SendBefore` time NOT NULL DEFAULT '23:59:59',
  `SendAfter` time NOT NULL DEFAULT '00:00:00',
  `Text` text DEFAULT NULL,
  `ReceiverName` varchar(100) DEFAULT NULL,
  `DestinationNumber` varchar(20) NOT NULL DEFAULT '',
  `Coding` enum('Default_No_Compression','Unicode_No_Compression','8bit','Default_Compression','Unicode_Compression') NOT NULL DEFAULT 'Default_No_Compression',
  `UDH` text DEFAULT NULL,
  `Class` int(11) DEFAULT -1,
  `TextDecoded` text NOT NULL,
  `ID` int(10) UNSIGNED NOT NULL,
  `MultiPart` enum('false','true') DEFAULT 'false',
  `RelativeValidity` int(11) DEFAULT -1,
  `SenderID` varchar(255) DEFAULT NULL,
  `SendingTimeOut` timestamp NULL DEFAULT current_timestamp(),
  `DeliveryReport` enum('default','yes','no') DEFAULT 'default',
  `CreatorID` text NOT NULL,
  `Retries` int(3) DEFAULT 0,
  `Priority` int(11) DEFAULT 0,
  `Status` enum('SendingOK','SendingOKNoReport','SendingError','DeliveryOK','DeliveryFailed','DeliveryPending','DeliveryUnknown','Error','Reserved') NOT NULL DEFAULT 'Reserved',
  `StatusCode` int(11) NOT NULL DEFAULT -1
) ENGINE=InnoDB DEFAULT CHARSET=utf8mb4;

-- --------------------------------------------------------

--
-- Table structure for table `outbox_multipart`
--

CREATE TABLE `outbox_multipart` (
  `Text` text DEFAULT NULL,
  `Coding` enum('Default_No_Compression','Unicode_No_Compression','8bit','Default_Compression','Unicode_Compression') NOT NULL DEFAULT 'Default_No_Compression',
  `UDH` text DEFAULT NULL,
  `Class` int(11) DEFAULT -1,
  `TextDecoded` text DEFAULT NULL,
  `ID` int(10) UNSIGNED NOT NULL DEFAULT 0,
  `SequencePosition` int(11) NOT NULL DEFAULT 1,
  `Status` enum('SendingOK','SendingOKNoReport','SendingError','DeliveryOK','DeliveryFailed','DeliveryPending','DeliveryUnknown','Error','Reserved') NOT NULL DEFAULT 'Reserved',
  `StatusCode` int(11) NOT NULL DEFAULT -1
) ENGINE=InnoDB DEFAULT CHARSET=utf8mb4;

-- --------------------------------------------------------

--
-- Table structure for table `phones`
--

CREATE TABLE `phones` (
  `ID` text NOT NULL,
  `UpdatedInDB` timestamp NOT NULL DEFAULT current_timestamp() ON UPDATE current_timestamp(),
  `InsertIntoDB` timestamp NOT NULL DEFAULT current_timestamp(),
  `TimeOut` timestamp NOT NULL DEFAULT current_timestamp(),
  `Send` enum('yes','no') NOT NULL DEFAULT 'no',
  `Receive` enum('yes','no') NOT NULL DEFAULT 'no',
  `IMEI` varchar(35) NOT NULL,
  `IMSI` varchar(35) NOT NULL,
  `NetCode` varchar(10) DEFAULT 'ERROR',
  `NetName` varchar(35) DEFAULT 'ERROR',
  `Client` text NOT NULL,
  `Battery` int(11) NOT NULL DEFAULT -1,
  `Signal` int(11) NOT NULL DEFAULT -1,
  `Sent` int(11) NOT NULL DEFAULT 0,
  `Received` int(11) NOT NULL DEFAULT 0
) ENGINE=InnoDB DEFAULT CHARSET=utf8mb4;

-- --------------------------------------------------------

--
-- Table structure for table `sentitems`
--

CREATE TABLE `sentitems` (
  `UpdatedInDB` timestamp NOT NULL DEFAULT current_timestamp() ON UPDATE current_timestamp(),
  `InsertIntoDB` timestamp NOT NULL DEFAULT current_timestamp(),
  `SendingDateTime` timestamp NOT NULL DEFAULT current_timestamp(),
  `DeliveryDateTime` timestamp NULL DEFAULT NULL,
  `Text` text NOT NULL,
  `DestinationNumber` varchar(20) NOT NULL DEFAULT '',
  `Coding` enum('Default_No_Compression','Unicode_No_Compression','8bit','Default_Compression','Unicode_Compression') NOT NULL DEFAULT 'Default_No_Compression',
  `UDH` text NOT NULL,
  `SMSCNumber` varchar(20) NOT NULL DEFAULT '',
  `Class` int(11) NOT NULL DEFAULT -1,
  `TextDecoded` text NOT NULL,
  `ID` int(10) UNSIGNED NOT NULL DEFAULT 0,
  `SenderID` varchar(255) NOT NULL,
  `SequencePosition` int(11) NOT NULL DEFAULT 1,
  `Status` enum('SendingOK','SendingOKNoReport','SendingError','DeliveryOK','DeliveryFailed','DeliveryPending','DeliveryUnknown','Error') NOT NULL DEFAULT 'SendingOK',
  `StatusError` int(11) NOT NULL DEFAULT -1,
  `TPMR` int(11) NOT NULL DEFAULT -1,
  `RelativeValidity` int(11) NOT NULL DEFAULT -1,
  `CreatorID` text NOT NULL,
  `StatusCode` int(11) NOT NULL DEFAULT -1
) ENGINE=InnoDB DEFAULT CHARSET=utf8mb4;

-- --------------------------------------------------------

--
-- Table structure for table `users`
--

CREATE TABLE `users` (
  `id` int(11) NOT NULL,
  `name` varchar(100) DEFAULT NULL,
  `email` varchar(50) DEFAULT NULL,
  `image` varchar(50) DEFAULT NULL,
  `birth_place` varchar(255) DEFAULT NULL,
  `religion` varchar(50) DEFAULT NULL,
  `sex` bit(1) DEFAULT NULL,
  `address` text DEFAULT NULL,
  `phone_number` varchar(20) DEFAULT NULL,
  `password` varchar(255) DEFAULT NULL,
  `role_id` tinyint(4) DEFAULT NULL,
  `status` tinyint(4) DEFAULT NULL
) ENGINE=InnoDB DEFAULT CHARSET=utf8mb4;

--
-- Dumping data for table `users`
--

INSERT INTO `users` (`id`, `name`, `email`, `image`, `birth_place`, `religion`, `sex`, `address`, `phone_number`, `password`, `role_id`, `status`) VALUES
(1, 'Dodi Novembri', 'admin@gmail.com', '60b8c5ea21240.jpg', 'Jakarta Barat', 'Islam', b'1', 'Jakarta Barat', '0821835999197', '21232f297a57a5a743894a0e4a801fc3', 0, 0),
(3, 'System Quality Assurance', 'sqa@gmail.com', '60b8bed482f02.png', 'Jakarta Barat', 'Islam', b'1', 'Jakarta Barat', '081373169407', 'd41d8cd98f00b204e9800998ecf8427e', 1, 1);

--
-- Indexes for dumped tables
--

--
-- Indexes for table `autoreply`
--
ALTER TABLE `autoreply`
  ADD PRIMARY KEY (`id`);

--
-- Indexes for table `contact`
--
ALTER TABLE `contact`
  ADD PRIMARY KEY (`id`);

--
-- Indexes for table `contact_group`
--
ALTER TABLE `contact_group`
  ADD PRIMARY KEY (`id`);

--
-- Indexes for table `gammu`
--
ALTER TABLE `gammu`
  ADD PRIMARY KEY (`Version`);

--
-- Indexes for table `group`
--
ALTER TABLE `group`
  ADD PRIMARY KEY (`id`);

--
-- Indexes for table `inbox`
--
ALTER TABLE `inbox`
  ADD PRIMARY KEY (`ID`);

--
-- Indexes for table `notification`
--
ALTER TABLE `notification`
  ADD PRIMARY KEY (`id`);

--
-- Indexes for table `outbox`
--
ALTER TABLE `outbox`
  ADD PRIMARY KEY (`ID`),
  ADD KEY `outbox_date` (`SendingDateTime`,`SendingTimeOut`),
  ADD KEY `outbox_sender` (`SenderID`(250));

--
-- Indexes for table `outbox_multipart`
--
ALTER TABLE `outbox_multipart`
  ADD PRIMARY KEY (`ID`,`SequencePosition`);

--
-- Indexes for table `phones`
--
ALTER TABLE `phones`
  ADD PRIMARY KEY (`IMEI`);

--
-- Indexes for table `sentitems`
--
ALTER TABLE `sentitems`
  ADD PRIMARY KEY (`ID`,`SequencePosition`),
  ADD KEY `sentitems_date` (`DeliveryDateTime`),
  ADD KEY `sentitems_tpmr` (`TPMR`),
  ADD KEY `sentitems_dest` (`DestinationNumber`),
  ADD KEY `sentitems_sender` (`SenderID`(250));

--
-- Indexes for table `users`
--
ALTER TABLE `users`
  ADD PRIMARY KEY (`id`);

--
-- AUTO_INCREMENT for dumped tables
--

--
-- AUTO_INCREMENT for table `autoreply`
--
ALTER TABLE `autoreply`
  MODIFY `id` int(11) NOT NULL AUTO_INCREMENT, AUTO_INCREMENT=4;

--
-- AUTO_INCREMENT for table `contact`
--
ALTER TABLE `contact`
  MODIFY `id` int(11) NOT NULL AUTO_INCREMENT, AUTO_INCREMENT=966;

--
-- AUTO_INCREMENT for table `contact_group`
--
ALTER TABLE `contact_group`
  MODIFY `id` int(11) NOT NULL AUTO_INCREMENT, AUTO_INCREMENT=231;

--
-- AUTO_INCREMENT for table `group`
--
ALTER TABLE `group`
  MODIFY `id` int(11) NOT NULL AUTO_INCREMENT, AUTO_INCREMENT=3;

--
-- AUTO_INCREMENT for table `inbox`
--
ALTER TABLE `inbox`
  MODIFY `ID` int(10) UNSIGNED NOT NULL AUTO_INCREMENT;

--
-- AUTO_INCREMENT for table `notification`
--
ALTER TABLE `notification`
  MODIFY `id` int(11) NOT NULL AUTO_INCREMENT;

--
-- AUTO_INCREMENT for table `outbox`
--
ALTER TABLE `outbox`
  MODIFY `ID` int(10) UNSIGNED NOT NULL AUTO_INCREMENT, AUTO_INCREMENT=8;

--
-- AUTO_INCREMENT for table `users`
--
ALTER TABLE `users`
  MODIFY `id` int(11) NOT NULL AUTO_INCREMENT, AUTO_INCREMENT=5;
COMMIT;

/*!40101 SET CHARACTER_SET_CLIENT=@OLD_CHARACTER_SET_CLIENT */;
/*!40101 SET CHARACTER_SET_RESULTS=@OLD_CHARACTER_SET_RESULTS */;
/*!40101 SET COLLATION_CONNECTION=@OLD_COLLATION_CONNECTION */;
